Reporting Date,Commodity,Type,Centre,State,Country,Low_Rs/Qtl,High_Rs/Qtl
18-10-2024,Soyabean,Plant,Indore,Madhya Pradesh,India,4550,4660
18-10-2024,Soyabean,Mandi,Indore,Madhya Pradesh,India,4350,4500
18-10-2024,Soyabean,Plant,Nagpur,Maharashtra,India,4575,4650
18-10-2024,Soyabean,Mandi,Nagpur,Maharashtra,India,4100,4450
18-10-2024,Soyabean,Mandi,Latur,Maharashtra,India,4350,4500
18-10-2024,Soyabean,Mandi,Akola,Maharashtra,India,3700,4625
18-10-2024,Soyabean,Plant,Kota,Rajasthan,India,4575,4625
18-10-2024,Soyabean,Mandi,Kota,Rajasthan,India,4525,4575
18-10-2024,Soyabean,Plant,Bundi,Rajasthan,India,4600,4650
18-10-2024,Soyabean,Mandi,Bundi,Rajasthan,India,4000,4300
18-10-2024,Soyabean,Plant,Baran,Rajasthan,India,4550,4600
18-10-2024,Soyabean,Mandi,Baran,Rajasthan,India,4450,4500
18-10-2024,Soyabean,Plant,Bhawani/Jhalawar,Rajasthan,India,4550,4600
18-10-2024,Soyabean,Mandi,Bhawani/Jhalawar,Rajasthan,India,4500,4550
18-10-2024,Rapeseed/Mustard,0,Jaipur,Rajasthan,India,6575,6600
18-10-2024,Rapeseed/Mustard,0,Alwar,Rajasthan,India,6150,6200
18-10-2024,Rapeseed/Mustard,0,Sri Ganganagar,Rajasthan,India,5485,5850
18-10-2024,Rapeseed/Mustard,0,New Delhi,Delhi,India,6350,6400
18-10-2024,Rapeseed/Mustard,0,Kota,Rajasthan,India,6450,6500
18-10-2024,Rapeseed/Mustard,0,Agra,Uttar Pradesh,India,6905,6952
18-10-2024,Rapeseed/Mustard,0,Neewai (Loose),Rajasthan,India,6000,6050
18-10-2024,Rapeseed/Mustard,0,Hapur (UP),Uttar Pradesh,India,6300,6350
18-10-2024,Groundnut,Shell,Rajkot,Gujarat,India,5075,6025
18-10-2024,Groundnut ,Shell,Bikaner,Rajasthan,India,5500,6500
18-10-2024,Groundnut,Bold,Bikaner,Rajasthan,India,8700,8800
19-10-2024,Soyabean,Plant,Indore,Madhya Pradesh,India,4550,4660
19-10-2024,Soyabean,Mandi,Indore,Madhya Pradesh,India,4350,4500
19-10-2024,Soyabean,Plant,Nagpur,Maharashtra,India,4575,4650
19-10-2024,Soyabean,Mandi,Nagpur,Maharashtra,India,4100,4450
19-10-2024,Soyabean,Mandi,Latur,Maharashtra,India,4350,4500
19-10-2024,Soyabean,Mandi,Akola,Maharashtra,India,3700,4625
19-10-2024,Soyabean,Plant,Kota,Rajasthan,India,4575,4625
19-10-2024,Soyabean,Mandi,Kota,Rajasthan,India,4525,4575
19-10-2024,Soyabean,Plant,Bundi,Rajasthan,India,4600,4650
19-10-2024,Soyabean,Mandi,Bundi,Rajasthan,India,4000,4300
19-10-2024,Soyabean,Plant,Baran,Rajasthan,India,4550,4600
19-10-2024,Soyabean,Mandi,Baran,Rajasthan,India,4450,4500
19-10-2024,Soyabean,Plant,Bhawani/Jhalawar,Rajasthan,India,4550,4600
19-10-2024,Soyabean,Mandi,Bhawani/Jhalawar,Rajasthan,India,4500,4550
19-10-2024,Rapeseed/Mustard,Condition,Jaipur,Rajasthan,India,6575,6600
19-10-2024,Rapeseed/Mustard,Condition,Alwar,Rajasthan,India,6150,6200
19-10-2024,Rapeseed/Mustard,Non-Condition,Sri Ganganagar,Rajasthan,India,5485,5850
19-10-2024,Rapeseed/Mustard,Condition,New Delhi,Delhi,India,6350,6400
19-10-2024,Rapeseed/Mustard,Condition,Kota,Rajasthan,India,6450,6500
19-10-2024,Rapeseed/Mustard,Condition,Agra,Uttar Pradesh,India,6905,6952
19-10-2024,Rapeseed/Mustard,Loose,Neewai,Rajasthan,India,6000,6050
19-10-2024,Rapeseed/Mustard,Condition,Hapur ,Uttar Pradesh,India,6300,6350
19-10-2024,Groundnut,Shell,Rajkot,Gujarat,India,5075,6025
19-10-2024,Groundnut,Shell,Bikaner,Rajasthan,India,5500,6500
19-10-2024,Groundnut,Bold,Bikaner,Rajasthan,India,8700,8800
21-10-2024,Soybean ,Plant,Indore,Madhya Pradesh,India,4540,4650
21-10-2024,Soybean ,Mandi,Indore,Madhya Pradesh,India,4345,4485
21-10-2024,Soybean ,Plant,Nagpur,Maharashtra,India,4560,4635
21-10-2024,Soybean ,Mandi,Nagpur,Maharashtra,India,4085,4440
21-10-2024,Soybean ,Mandi,Latur,Maharashtra,India,4350,4500
21-10-2024,Soybean ,Mandi,Akola,Maharashtra,India,3680,4615
21-10-2024,Soybean ,Plant,Kota,Rajasthan,India,4570,4615
21-10-2024,Soybean ,Mandi,Kota,Rajasthan,India,4520,4565
21-10-2024,Soybean ,Plant,Bundi,Rajasthan,India,4600,4650
21-10-2024,Soybean ,Mandi,Bundi,Rajasthan,India,4000,4300
21-10-2024,Soybean ,Plant,Baran,Rajasthan,India,4540,4590
21-10-2024,Soybean ,Mandi,Baran,Rajasthan,India,4440,4485
21-10-2024,Soybean ,Plant,Bhawani/Jhalawar,Rajasthan,India,4550,4600
21-10-2024,Soybean,Mandi,Bhawani/Jhalawar,Rajasthan,India,4500,4550
21-10-2024,Rapeseed/Mustard,Condition,Jaipur,Rajasthan,India,6560,6590
21-10-2024,Rapeseed/Mustard,Condition,Alwar,Rajasthan,India,6140,6185
21-10-2024,Rapeseed/Mustard,Non-Condition,Sri Ganganagar,Rajasthan,India,5475,5840
21-10-2024,Rapeseed/Mustard,Condition,New Delhi ,Delhi,India,6340,6385
21-10-2024,Rapeseed/Mustard,Condition,Kota,Rajasthan,India,6440,6485
21-10-2024,Rapeseed/Mustard,Condition,Agra ,Uttar Pradesh,India,6890,6940
21-10-2024,Rapeseed/Mustard,Loose,Neewai,Rajasthan,India,5990,6040
21-10-2024,Rapeseed/Mustard,Condition,Hapur,Uttar Pradesh,India,6290,6335
21-10-2024,Groundnut,Shell,Rajkot,Gujarat,India,5065,6010
21-10-2024,Groundnut,Shell,Bikaner,Rajasthan,India,5500,6500
21-10-2024,Groundnut,Bold,Bikaner,Rajasthan,India,8700,8800
22-10-2024,Soybean,Plant,Indore,Madhya Pradesh,India,4500,4650
22-10-2024,Soybean,Mandi,Indore,Madhya Pradesh,India,4350,4500
22-10-2024,Soybean,Plant,Nagpur,Maharashtra,India,4500,4600
22-10-2024,Soybean,Mandi,Nagpur,Maharashtra,India,4100,4330
22-10-2024,Soybean,Mandi,Latur,Maharashtra,India,4250,4300
22-10-2024,Soybean,Mandi,Akola,Maharashtra,India,3500,4450
22-10-2024,Soybean,Plant,Kota,Rajasthan,India,4500,4575
22-10-2024,Soybean,Mandi,Kota,Rajasthan,India,4400,4500
22-10-2024,Soybean,Plant,Bundi,Rajasthan,India,4550,4600
22-10-2024,Soybean,Mandi,Bundi,Rajasthan,India,4000,4400
22-10-2024,Soybean,Plant,Baran,Rajasthan,India,4550,4600
22-10-2024,Soybean,Mandi,Baran,Rajasthan,India,4390,4500
22-10-2024,Soybean,Plant,Bhawani/Jhalawar,Rajasthan,India,4450,4500
22-10-2024,Soybean,Mandi,Bhawani/Jhalawar,Rajasthan,India,4300,4400
22-10-2024,Rapeseed/Mustard,Condition,Jaipur,Rajasthan,India,6500,6525
22-10-2024,Rapeseed/Mustard,Condition,Alwar,Rajasthan,India,6100,6200
22-10-2024,Rapeseed/Mustard,Non-Condition,SriGanganagar,Rajasthan,India,5300,5800
22-10-2024,Rapeseed/Mustard,Condition,NewDelhi,Delhi,India,6350,6400
22-10-2024,Rapeseed/Mustard,Condition,Kota,Rajasthan,India,6500,6550
22-10-2024,Rapeseed/Mustard,Condition,Agra,Uttar Pradesh,India,6905,6952
22-10-2024,Groundnut,Seed,Rajkot,Gujarat,India,5000,6050
22-10-2024,Groundnut,Seed,Bikaner,Rajasthan,India,5500,6300
22-10-2024,Groundnut,Bold,Bikaner,Rajasthan,India,8800,9200
23-10-2024,Soybean,Plant,Indore,Madhya Pradesh,India,4550,4650
23-10-2024,Soybean,Mandi,Indore,Madhya Pradesh,India,4500,4550
23-10-2024,Soybean,Plant,Nagpur,Maharashtra,India,4500,4600
23-10-2024,Soybean,Mandi,Nagpur,Maharashtra,India,4100,4270
23-10-2024,Soybean,Mandi,Latur,Maharashtra,India,4280,4450
23-10-2024,Soybean,Mandi,Akola,Maharashtra,India,3600,4455
23-10-2024,Soybean,Plant,Kota,Rajasthan,India,4500,4550
23-10-2024,Soybean,Mandi,Kota,Rajasthan,India,4450,4500
23-10-2024,Soybean,Plant,Bundi,Rajasthan,India,4550,4600
23-10-2024,Soybean,Mandi,Bundi,Rajasthan,India,4200,4400
23-10-2024,Soybean,Plant,Baran,Rajasthan,India,4550,4600
23-10-2024,Soybean,Mandi,Baran,Rajasthan,India,4400,4470
23-10-2024,Soybean,Plant,Bhawani/Jhalawar,Rajasthan,India,4500,4500
23-10-2024,Soybean,Mandi,Bhawani/Jhalawar,Rajasthan,India,4450,4500
23-10-2024,Rapeseed/Mustard,Condition,Jaipur,Rajasthan,India,6550,6575
23-10-2024,Rapeseed/Mustard,Condition,Alwar,Rajasthan,India,6200,6300
23-10-2024,Rapeseed/Mustard,Non-Condition,SriGanganagar,Rajasthan,India,5100,6000
23-10-2024,Rapeseed/Mustard,Condition,NewDelhi,Delhi,India,6425,6475
23-10-2024,Rapeseed/Mustard,Condition,Kota,Rajasthan,India,6250,6300
23-10-2024,Rapeseed/Mustard,Condition,Agra,Uttar Pradesh,India,6952,7000
23-10-2024,Rapeseed/Mustard,Loose,Neewai,Rajasthan,India,6150,6200
23-10-2024,Rapeseed/Mustard,Condition,Hapur,Uttar Pradesh,India,6250,6300
23-10-2024,Groundnut,Mandi,Rajkot,Gujarat,India,5750,6000
23-10-2024,Groundnut,Mandi,Bikaner,Rajasthan,India,5500,6300
23-10-2024,Groundnut(Bold),WithoutShell,Bikaner,Rajasthan,India,8800,9200
24-10-2024,Soybean,Plant,Indore,Madhya Pradesh,India,4600,4700
24-10-2024,Soybean,Mandi,Indore,Madhya Pradesh,India,4550,4600
24-10-2024,Soybean,Plant,Nagpur,Maharashtra,India,4600,4700
24-10-2024,Soybean,Mandi,Nagpur,Maharashtra,India,4100,4440
24-10-2024,Soybean,Mandi,Latur,Maharashtra,India,4300,4495
24-10-2024,Soybean,Mandi,Akola,Maharashtra,India,3600,4495
24-10-2024,Soybean,Plant,Kota,Rajasthan,India,4550,4600
24-10-2024,Soybean,Mandi,Kota,Rajasthan,India,4500,4550
24-10-2024,Soybean,Plant,Bundi,Rajasthan,India,4550,4600
24-10-2024,Soybean,Mandi,Bundi,Rajasthan,India,4200,4400
24-10-2024,Soybean,Plant,Baran,Rajasthan,India,4550,4700
24-10-2024,Soybean,Mandi,Baran,Rajasthan,India,4500,4550
24-10-2024,Soybean,Plant,Bhawani/Jhalawar,Rajasthan,India,4550,4600
24-10-2024,Soybean,Mandi,Bhawani/Jhalawar,Rajasthan,India,4500,4550
24-10-2024,Rapeseed/Mustard,Condition,Jaipur,Rajasthan,India,6675,6700
24-10-2024,Rapeseed/Mustard,Condition,Alwar,Rajasthan,India,6300,6400
24-10-2024,Rapeseed/Mustard,Non-Condition,SriGanganagar,Rajasthan,India,5400,5900
24-10-2024,Rapeseed/Mustard,Condition,NewDelhi,Delhi,India,6475,6525
24-10-2024,Rapeseed/Mustard,Condition,Kota,Rajasthan,India,6500,6600
24-10-2024,Rapeseed/Mustard,Condition,Agra,Uttar Pradesh,India,7024,7071
24-10-2024,Rapeseed/Mustard,Loose,Neewai,Rajasthan,India,6250,6300
24-10-2024,Rapeseed/Mustard,Condition,Hapur,Uttar Pradesh,India,6325,6350
24-10-2024,Groundnut,Mandi,Rajkot,Gujarat,India,5050,6075
24-10-2024,Groundnut,Mandi,Bikaner,Rajasthan,India,5500,6300
24-10-2024,Groundnut(Bold),WithoutShell,Bikaner,Rajasthan,India,8800,9200
25-10-2024,Soybean,Plant,Indore,Madhya Pradesh,India,4625,4725
25-10-2024,Soybean,Mandi,Indore,Madhya Pradesh,India,4580,4630
25-10-2024,Soybean,Plant,Nagpur,Maharashtra,India,4575,4650
25-10-2024,Soybean,Mandi,Nagpur,Maharashtra,India,4100,4400
25-10-2024,Soybean,Mandi,Latur,Maharashtra,India,4350,4500
25-10-2024,Soybean,Mandi,Akola,Maharashtra,India,3490,4575
25-10-2024,Soybean,Plant,Kota,Rajasthan,India,4550,4600
25-10-2024,Soybean,Mandi,Kota,Rajasthan,India,4500,4550
25-10-2024,Soybean,Plant,Bundi,Rajasthan,India,4600,4650
25-10-2024,Soybean,Mandi,Bundi,Rajasthan,India,4200,4550
25-10-2024,Soybean,Plant,Baran,Rajasthan,India,4550,4700
25-10-2024,Soybean,Mandi,Baran,Rajasthan,India,4500,4550
25-10-2024,Soybean,Plant,Bhawani/Jhalawar,Rajasthan,India,4600,4700
25-10-2024,Soybean,Mandi,Bhawani/Jhalawar,Rajasthan,India,4580,4630
25-10-2024,Rapeseed/Mustard,Condition,Jaipur,Rajasthan,India,6700,6725
25-10-2024,Rapeseed/Mustard,Condition,Alwar,Rajasthan,India,6400,6500
25-10-2024,Rapeseed/Mustard,non-Condition,SriGanganagar,Rajasthan,India,5400,6000
25-10-2024,Rapeseed/Mustard,Condition,NewDelhi,Delhi,India,6500,6550
25-10-2024,Rapeseed/Mustard,Condition,Kota,Rajasthan,India,6450,6500
25-10-2024,Rapeseed/Mustard,Condition,Agra,Uttar Pradesh,India,6952,7000
25-10-2024,Rapeseed/Mustard,Loose,Neewai,Rajasthan,India,6250,6300
25-10-2024,Rapeseed/Mustard,Condition,Hapur,Uttar Pradesh,India,6350,6375
25-10-2024,Groundnut,withshell,Rajkot,Gujarat,India,4900,5980
25-10-2024,Groundnut,withshell,Bikaner,Rajasthan,India,5300,6500
25-10-2024,Groundnut,40/50,Bikaner,Rajasthan,India,8800,9200
26-10-2024,Soybean,Plant,Indore,Madhya Pradesh,India,4625,4725
26-10-2024,Soybean,Mandi,Indore,Madhya Pradesh,India,4550,4600
26-10-2024,Soybean,Plant,Nagpur,Maharashtra,India,4575,4675
26-10-2024,Soybean,Mandi,Nagpur,Maharashtra,India,4100,4435
26-10-2024,Soybean,Mandi,Latur,Maharashtra,India,4380,4550
26-10-2024,Soybean,Mandi,Akola,Maharashtra,India,3550,4545
26-10-2024,Soybean,Plant,Kota,Rajasthan,India,4550,4600
26-10-2024,Soybean,Mandi,Kota,Rajasthan,India,4500,4550
26-10-2024,Soybean,Plant,Bundi,Rajasthan,India,4600,4650
26-10-2024,Soybean,Mandi,Bundi,Rajasthan,India,4200,4600
26-10-2024,Soybean,Plant,Baran,Rajasthan,India,4600,4700
26-10-2024,Soybean,Mandi,Baran,Rajasthan,India,4500,4575
26-10-2024,Soybean,Plant,Bhawani/Jhalawar,Rajasthan,India,4600,4700
26-10-2024,Soybean,Mandi,Bhawani/Jhalawar,Rajasthan,India,4600,4640
26-10-2024,Rapeseed/Mustard,Condition,Jaipur,Rajasthan,India,6600,6675
26-10-2024,Rapeseed/Mustard,Condition,Alwar,Rajasthan,India,6300,6400
26-10-2024,Rapeseed/Mustard,non-Condition,SriGanganagar,Rajasthan,India,5200,6000
26-10-2024,Rapeseed/Mustard,Condition,NewDelhi,Delhi,India,6400,6450
26-10-2024,Rapeseed/Mustard,Condition,Kota,Rajasthan,India,6450,6500
26-10-2024,Rapeseed/Mustard,Condition,Agra,Uttar Pradesh,India,6905,6952
26-10-2024,Rapeseed/Mustard,Loose,Neewai,Rajasthan,India,6325,6375
26-10-2024,Rapeseed/Mustard,Condition,Hapur,Uttar Pradesh,India,6350,6375
26-10-2024,Groundnut,WithShell,Rajkot,Gujarat,India,4900,5980
26-10-2024,Groundnut,WithShell,Bikaner,Rajasthan,India,5300,6500
26-10-2024,Groundnut,WithoutShell,Bikaner,Rajasthan,India,8800,9200
28-10-2024,Soybean,Plant,Indore,Madhya Pradesh,India,4650,4725
28-10-2024,Soybean,Mandi,Indore,Madhya Pradesh,India,4550,4580
28-10-2024,Soybean,Plant,Nagpur,Maharashtra,India,4550,4650
28-10-2024,Soybean,Mandi,Nagpur,Maharashtra,India,4100,4350
28-10-2024,Soybean,Mandi,Latur,Maharashtra,India,4300,4400
28-10-2024,Soybean,Mandi,Akola,Maharashtra,India,3400,4600
28-10-2024,Soybean,Plant,Kota,Rajasthan,India,4550,4600
28-10-2024,Soybean,Mandi,Kota,Rajasthan,India,4500,4550
28-10-2024,Soybean,Plant,Bundi,Rajasthan,India,4600,4650
28-10-2024,Soybean,Mandi,Bundi,Rajasthan,India,4200,4600
28-10-2024,Rapeseed/Mustard,Condition,Jaipur,Rajasthan,India,6575,6600
28-10-2024,Rapeseed/Mustard,Condition,Alwar,Rajasthan,India,6200,6300
28-10-2024,Rapeseed/Mustard,Non-Condition,SriGanganagar,Rajasthan,India,5400,5900
28-10-2024,Rapeseed/Mustard,Condition,NewDelhi,Delhi,India,6400,6450
28-10-2024,Rapeseed/Mustard,Condition,Kota,Rajasthan,India,6350,6400
28-10-2024,Rapeseed/Mustard,Condition,Agra,Uttar Pradesh,India,6857,6905
28-10-2024,Rapeseed/Mustard,Loose,Neewai,Rajasthan,India,6250,6300
28-10-2024,Rapeseed/Mustard,Condition,Hapur,Uttar Pradesh,India,6300,6350
28-10-2024,GroundnutSeed,Seed,Rajkot,Gujarat,India,4800,6000
28-10-2024,GroundnutSeed,Seed,Bikaner,Rajasthan,India,5300,6500
28-10-2024,Groundnut,Bold,Bikaner,Rajasthan,India,8800,9200
04-11-2024,Soybean,Plant,Indore,Madhya Pradesh,India,4600,4700
04-11-2024,Soybean,Mandi,Indore,Madhya Pradesh,India,4550,4600
04-11-2024,Soybean,Plant,Nagpur,Maharashtra,India,4550,4650
04-11-2024,Soybean,Mandi,Nagpur,Maharashtra,India,4100,4450
04-11-2024,Soybean,Mandi,Latur,Maharashtra,India,4300,4400
04-11-2024,Soybean,Mandi,Akola,Maharashtra,India,3800,4450
04-11-2024,Soybean,Plant,Kota,Rajasthan,India,4600,4625
04-11-2024,Soybean,Mandi,Kota,Rajasthan,India,4500,4600
04-11-2024,Soybean,Plant,Bundi,Rajasthan,India,4600,4650
04-11-2024,Soybean,Mandi,Bundi,Rajasthan,India,4300,4500
04-11-2024,Soybean,Plant,Baran,Rajasthan,India,4600,4700
04-11-2024,Soybean,Mandi,Baran,Rajasthan,India,4550,4600
04-11-2024,Rapeseed/Mustard,Condition,Jaipur,Rajasthan,India,6800,6825
04-11-2024,Rapeseed/Mustard,Condition,Alwar,Rajasthan,India,6550,6600
04-11-2024,Rapeseed/Mustard,Non-Condition,SriGanganagar,Rajasthan,India,5600,6150
04-11-2024,Rapeseed/Mustard,Condition,NewDelhi,Delhi,India,6600,6650
04-11-2024,Rapeseed/Mustard,Condition,Kota,Rajasthan,India,6550,6600
04-11-2024,Rapeseed/Mustard,Condition,Agra,Uttar Pradesh,India,7119,7167
04-11-2024,Rapeseed/Mustard,Loose,Neewai,Rajasthan,India,6500,6550
04-11-2024,Rapeseed/Mustard,Condition,Hapur,Uttar Pradesh,India,6300,6350
04-11-2024,Groundnut,Seed,Rajkot,Gujarat,India,Closed,Closed
04-11-2024,Groundnut,Seed,Bikaner,Rajasthan,India,5200,6000
04-11-2024,Groundnut,Bold,Bikaner,Rajasthan,India,8200,9200
05-11-2024,Soybean,Plant,Indore,Madhya Pradesh,India,4600,4660
05-11-2024,Soybean,Mandi,Indore,Madhya Pradesh,India,4500,4600
05-11-2024,Soybean,Plant,Nagpur,Maharashtra,India,4650,4750
05-11-2024,Soybean,Mandi,Nagpur,Maharashtra,India,4400,4550
05-11-2024,Soybean,Mandi,Latur,Maharashtra,India,4400,4565
05-11-2024,Soybean,Mandi,Akola,Maharashtra,India,3700,4400
05-11-2024,Soybean,Plant,Kota,Rajasthan,India,4600,4650
05-11-2024,Soybean,Mandi,Kota,Rajasthan,India,4500,4600
05-11-2024,Soybean,Plant,Bundi,Rajasthan,India,4650,4700
05-11-2024,Soybean,Mandi,Bundi,Rajasthan,India,4300,4600
05-11-2024,Soybean,Plant,Baran,Rajasthan,India,4600,4650
05-11-2024,Soybean,Mandi,Baran,Rajasthan,India,4500,4550
05-11-2024,Rapeseed/Mustard,Condition,Jaipur,Rajasthan,India,6775,6800
05-11-2024,Rapeseed/Mustard,Condition,Alwar,Rajasthan,India,6550,6600
05-11-2024,Rapeseed/Mustard,Non-Condition,SriGanganagar,Rajasthan,India,5700,6150
05-11-2024,Rapeseed/Mustard,Condition,NewDelhi,Delhi,India,6550,6600
05-11-2024,Rapeseed/Mustard,Condition,Kota,Rajasthan,India,6550,6600
05-11-2024,Rapeseed/Mustard,Condition,Agra,Uttar Pradesh,India,7114,7162
05-11-2024,Rapeseed/Mustard,Loose,Neewai,Rajasthan,India,6425,6475
05-11-2024,Rapeseed/Mustard,Condition,Hapur,Uttar Pradesh,India,6300,6350
05-11-2024,Groundnut,WithoutShell,Rajkot,Gujarat,India,Closed,Closed
05-11-2024,Groundnut,WithoutShell,Bikaner,Rajasthan,India,5200,6000
05-11-2024,Groundnut,Bold,Bikaner,Rajasthan,India,8200,9200
06-11-2024,Soybean,Plant,Indore,Madhya Pradesh,India,4550,4600
06-11-2024,Soybean,Mandi,Indore,Madhya Pradesh,India,4475,4500
06-11-2024,Soybean,Plant,Nagpur,Maharashtra,India,4500,4600
06-11-2024,Soybean,Mandi,Nagpur,Maharashtra,India,4300,4450
06-11-2024,Soybean,Mandi,Latur,Maharashtra,India,4200,4350
06-11-2024,Soybean,Mandi,Akola,Maharashtra,India,3500,4560
06-11-2024,Soybean,Plant,Kota,Rajasthan,India,4500,4550
06-11-2024,Soybean,Mandi,Kota,Rajasthan,India,4450,4500
06-11-2024,Soybean,Plant,Bundi,Rajasthan,India,4550,4600
06-11-2024,Soybean,Mandi,Bundi,Rajasthan,India,4150,4500
06-11-2024,Soybean,Plant,Baran,Rajasthan,India,4600,4650
06-11-2024,Soybean,Mandi,Baran,Rajasthan,India,4450,4500
06-11-2024,Soybean,Plant,Bhawani/Jhalawar,Rajasthan,India,4450,4500
06-11-2024,Soybean,Mandi,Bhawani/Jhalawar,Rajasthan,India,4400,4420
06-11-2024,Rapeseed/Mustard,Condition,Jaipur,Rajasthan,India,6750,6775
06-11-2024,Rapeseed/Mustard,Condition,Alwar,Rajasthan,India,6400,6450
06-11-2024,Rapeseed/Mustard,Non-Condition,Sri Ganganagar,Rajasthan,India,5600,6000
06-11-2024,Rapeseed/Mustard,Condition,New Delhi,Delhi,India,6500,6550
06-11-2024,Rapeseed/Mustard,Condition,Kota,Rajasthan,India,6450,6500
06-11-2024,Rapeseed/Mustard,Condition,Agra,Uttar Pradesh,India,7114,7162
06-11-2024,Rapeseed/Mustard,Loose,Neewai,Rajasthan,India,6350,6400
06-11-2024,Rapeseed/Mustard,Condition,Hapur,Uttar Pradesh,India,6275,6325
06-11-2024,Groundnut Seed,With Shell,Rajkot,Gujarat,India,4750,6250
06-11-2024,Groundnut Seed,With Shell,Bikaner,Rajasthan,India,5200,6000
06-11-2024,Groundnut (Bold),Without Shell (40/50),Bikaner,Rajasthan,India,8200,9200
07-11-2024,Soybean,Plant,Indore,Madhya Pradesh,India,4500,4525
07-11-2024,Soybean,Mandi,Indore,Madhya Pradesh,India,4400,4450
07-11-2024,Soybean,Plant,Nagpur,Maharashtra,India,4450,4525
07-11-2024,Soybean,Mandi,Nagpur,Maharashtra,India,4300,4350
07-11-2024,Soybean,Mandi,Latur,Maharashtra,India,4200,4400
07-11-2024,Soybean,Mandi,Akola,Maharashtra,India,3500,4455
07-11-2024,Soybean,Plant,Kota,Rajasthan,India,4500,4525
07-11-2024,Soybean,Mandi,Kota,Rajasthan,India,4450,4500
07-11-2024,Soybean,Plant,Bundi,Rajasthan,India,4500,4550
07-11-2024,Soybean,Mandi,Bundi,Rajasthan,India,4140,4475
07-11-2024,Soybean,Plant,Baran,Rajasthan,India,4550,4600
07-11-2024,Soybean,Mandi,Baran,Rajasthan,India,4400,4470
07-11-2024,Soybean,Plant,Bhawani/Jhalawar,Rajasthan,India,4450,4500
07-11-2024,Soybean,Mandi,Bhawani/Jhalawar,Rajasthan,India,4350,4400
08-11-2024,Soybean,Plant,Indore,Madhya Pradesh,India,4470,4580
08-11-2024,Soybean,Mandi,Indore,Madhya Pradesh,India,4000,4400
08-11-2024,Soybean,Plant,Nagpur,Maharashtra,India,4475,4550
08-11-2024,Soybean,Mandi,Nagpur,Maharashtra,India,3800,4350
08-11-2024,Soybean,Mandi,Latur,Maharashtra,India,4200,4300
08-11-2024,Soybean,Mandi,Akola,Maharashtra,India,4000,4450
08-11-2024,Soybean,Plant,Kota,Rajasthan,India,4475,4575
08-11-2024,Soybean,Mandi,Kota,Rajasthan,India,4400,4500
08-11-2024,Soybean,Plant,Bundi,Rajasthan,India,4500,4550
08-11-2024,Soybean,Mandi,Bundi,Rajasthan,India,4100,4500
08-11-2024,Soybean,Plant,Baran,Rajasthan,India,4550,4580
08-11-2024,Soybean,Mandi,Baran,Rajasthan,India,4300,4450
08-11-2024,Soybean,Plant,Bhawani/Jhalawar,Rajasthan,India,4450,4500
08-11-2024,Soybean,Mandi,Bhawani/Jhalawar,Rajasthan,India,4375,4425
09-11-2024,Soybean,Plant,Indore,Madhya Pradesh,India,4450,4580
09-11-2024,Soybean,Mandi,Indore,Madhya Pradesh,India,4000,4400
09-11-2024,Soybean,Plant,Nagpur,Maharashtra,India,4500,4550
09-11-2024,Soybean,Mandi,Nagpur,Maharashtra,India,4000,4250
09-11-2024,Soybean,Mandi,Latur,Maharashtra,India,4150,4340
09-11-2024,Soybean,Mandi,Akola,Maharashtra,India,3800,4450
09-11-2024,Soybean,Plant,Kota,Rajasthan,India,4525,4575
09-11-2024,Soybean,Mandi,Kota,Rajasthan,India,4450,4500
09-11-2024,Soybean,Plant,Bundi,Rajasthan,India,4500,4550
09-11-2024,Soybean,Mandi,Bundi,Rajasthan,India,4100,4500
09-11-2024,Soybean,Plant,Baran,Rajasthan,India,4450,4500
09-11-2024,Soybean,Mandi,Baran,Rajasthan,India,4300,4400
09-11-2024,Soybean,Plant,Bhawani/Jhalawar,Rajasthan,India,4450,4500
09-11-2024,Soybean,Mandi,Bhawani/Jhalawar,Rajasthan,India,4400,4450
09-11-2024,Rapeseed,Condition,Jaipur,Rajasthan,India,6825,6850
09-11-2024,Rapeseed,Condition,Alwar,Rajasthan,India,6500,6550
09-11-2024,Rapeseed,Non-Condition,Sri Ganganagar,Rajasthan,India,5800,6200
09-11-2024,Rapeseed,Condition,New Delhi,Delhi,India,6625,6675
09-11-2024,Rapeseed,Condition,Kota,Rajasthan,India,6650,6700
09-11-2024,Rapeseed,Condition,Agra,Uttar Pradesh,India,7095,7143
09-11-2024,Rapeseed,Loose,Neewai,Rajasthan,India,6400,6450
09-11-2024,Rapeseed,Condition,Hapur,Uttar Pradesh,India,6325,6375
09-11-2024,Groundnut,Shell,Rajkot,Gujarat,India,4500,6270
09-11-2024,Groundnut,Shell,Bikaner,Rajasthan,India,5000,6300
09-11-2024,Groundnut,Bold 40/50 (No Shell),Bikaner,Rajasthan,India,7800,8500
11-11-2024,Soybean,Plant,Indore,Madhya Pradesh,India,4450,4500
11-11-2024,Soybean,Mandi,Indore,Madhya Pradesh,India,4200,4400
11-11-2024,Soybean,Plant,Nagpur,Maharashtra,India,4400,4475
11-11-2024,Soybean,Mandi,Nagpur,Maharashtra,India,3800,4100
11-11-2024,Soybean,Mandi,Latur,Maharashtra,India,4100,4250
11-11-2024,Soybean,Mandi,Akola,Maharashtra,India,3600,4450
11-11-2024,Soybean,Plant,Kota,Rajasthan,India,4400,4450
11-11-2024,Soybean,Mandi,Kota,Rajasthan,India,4250,4300
11-11-2024,Soybean,Plant,Bundi,Rajasthan,India,4450,4500
11-11-2024,Soybean,Mandi,Bundi,Rajasthan,India,4165,4475
11-11-2024,Soybean,Plant,Baran,Rajasthan,India,4450,4500
11-11-2024,Soybean,Mandi,Baran,Rajasthan,India,4400,4425
11-11-2024,Soybean,Plant,Bhawani/Jhalawar,Rajasthan,India,4350,4400
11-11-2024,Soybean,Mandi,Bhawani/Jhalawar,Rajasthan,India,4300,4350
11-11-2024,Rapeseed,Condition,Jaipur,Rajasthan,India,6700,6725
11-11-2024,Rapeseed,Condition,Alwar,Rajasthan,India,6350,6400
11-11-2024,Rapeseed,Non-Condition,Sri Ganganagar,Rajasthan,India,5800,6200
11-11-2024,Rapeseed,Condition,New Delhi,Delhi,India,6500,6550
11-11-2024,Rapeseed,Condition,Kota,Rajasthan,India,6450,6500
11-11-2024,Rapeseed,Condition,Agra,Uttar Pradesh,India,7024,7071
11-11-2024,Rapeseed,Loose,Neewai,Rajasthan,India,6340,6390
11-11-2024,Rapeseed,Condition,Hapur,Uttar Pradesh,India,6275,6325
11-11-2024,Groundnut,Shell,Rajkot,Gujarat,India,4650,6285
11-11-2024,Groundnut,Shell,Bikaner,Rajasthan,India,5000,6200
11-11-2024,Groundnut,Bold Without shell 40/50,Bikaner,Rajasthan,India,7800,8000
12-11-2024,Soybean,Plant,Indore,Madhya Pradesh,India,4400,4475
12-11-2024,Soybean,Mandi,Indore,Madhya Pradesh,India,4255,4300
12-11-2024,Soybean,Plant,Nagpur,Maharashtra,India,4400,4475
12-11-2024,Soybean,Mandi,Nagpur,Maharashtra,India,3900,4135
12-11-2024,Soybean,Mandi,Latur,Maharashtra,India,4050,4200
12-11-2024,Soybean,Mandi,Akola,Maharashtra,India,3520,4580
12-11-2024,Soybean,Plant,Kota,Rajasthan,India,4400,4450
12-11-2024,Soybean,Mandi,Kota,Rajasthan,India,4250,4300
12-11-2024,Soybean,Plant,Bundi,Rajasthan,India,4350,4400
12-11-2024,Soybean,Mandi,Bundi,Rajasthan,India,4065,4300
12-11-2024,Soybean,Plant,Baran,Rajasthan,India,4450,4500
12-11-2024,Soybean,Mandi,Baran,Rajasthan,India,4300,4430
12-11-2024,Soybean,Plant,Bhawani/Jhalawar,Rajasthan,India,4350,4400
12-11-2024,Soybean,Mandi,Bhawani/Jhalawar,Rajasthan,India,4250,4300
12-11-2024,Rapeseed,Condition,Jaipur,Rajasthan,India,6650,6675
12-11-2024,Rapeseed,Condition,Alwar,Rajasthan,India,6250,6300
12-11-2024,Rapeseed,Non-Condition,Sri Ganganagar,Rajasthan,India,5750,6150
12-11-2024,Rapeseed,Condition,New Delhi,Delhi,India,6475,6525
12-11-2024,Rapeseed,Condition,Kota,Rajasthan,India,6350,6400
12-11-2024,Rapeseed,Condition,Agra,Uttar Pradesh,India,6929,6976
12-11-2024,Rapeseed,Loose,Neewai,Rajasthan,India,6350,6400
12-11-2024,Rapeseed,Condition,Hapur,Uttar Pradesh,India,6300,6350
12-11-2024,Groundnut,Shell,Rajkot,Gujarat,India,4900,6320
12-11-2024,Groundnut,Shell,Bikaner,Rajasthan,India,5000,6200
12-11-2024,Groundnut,Bold Without shell 40/50,Bikaner,Rajasthan,India,7600,7800
13-11-2024,Soyabean,Plant,Indore,Madhya Pradesh,India,4300,4400
13-11-2024,Soyabean,Mandi,Indore,Madhya Pradesh,India,4200,4250
13-11-2024,Soyabean,Plant,Nagpur,Maharashtra,India,4300,4400
13-11-2024,Soyabean,Mandi,Nagpur,Maharashtra,India,3700,4100
13-11-2024,Soyabean,Mandi,Latur,Maharashtra,India,4000,4200
13-11-2024,Soyabean,Mandi,Akola,Maharashtra,India,3650,4435
13-11-2024,Soyabean,Plant,Kota,Rajasthan,India,4300,4350
13-11-2024,Soyabean,Mandi,Kota,Rajasthan,India,4000,4200
13-11-2024,Soyabean,Plant,Bundi,Rajasthan,India,4350,4400
13-11-2024,Soyabean,Mandi,Bundi,Rajasthan,India,4200,4300
13-11-2024,Soyabean,Plant,Baran,Rajasthan,India,4450,4500
13-11-2024,Soyabean,Mandi,Baran,Rajasthan,India,4100,4300
13-11-2024,Soyabean,Plant,Bhawani/Jhalawar,Rajasthan,India,4350,4400
13-11-2024,Soyabean,Mandi,Bhawani/Jhalawar,Rajasthan,India,4250,4300
13-11-2024,Rapeseed/Mustard,Condition,Jaipur,Rajasthan,India,6600,6625
13-11-2024,Rapeseed/Mustard,Condition,Alwar,Rajasthan,India,6200,6250
13-11-2024,Rapeseed/Mustard,Non-Condition,Sri Ganganagar,Rajasthan,India,5750,6150
13-11-2024,Rapeseed/Mustard,Condition,New Delhi,Delhi,India,6400,6450
13-11-2024,Rapeseed/Mustard,Condition,Kota,Rajasthan,India,6300,6350
13-11-2024,Rapeseed/Mustard,Condition,Agra,Uttar Pradesh,India,6881,6929
13-11-2024,Rapeseed/Mustard,Loose,Neewai,Rajasthan,India,6250,6300
13-11-2024,Rapeseed/Mustard,Condition,Hapur,Uttar Pradesh,India,6250,6300
13-11-2024,Groundnut,Seed,Rajkot,Gujarat,India,5250,6240
13-11-2024,Groundnut,Seed,Bikaner,Rajasthan,India,5000,6200
13-11-2024,Groundnut,Without Shell (40/50),Bikaner,Rajasthan,India,7600,7800
14-11-2024,Soybean,Plant,Indore,Madhya Pradesh,India,4400,4500
14-11-2024,Soybean,Mandi,Indore,Madhya Pradesh,India,4200,4300
14-11-2024,Soybean,Plant,Nagpur,Maharashtra,India,4300,4400
14-11-2024,Soybean,Mandi,Nagpur,Maharashtra,India,3550,4100
14-11-2024,Soybean,Mandi,Latur,Maharashtra,India,4000,4200
14-11-2024,Soybean,Mandi,Akola,Maharashtra,India,3500,4430
14-11-2024,Soybean,Plant,Kota,Rajasthan,India,4325,4375
14-11-2024,Soybean,Mandi,Kota,Rajasthan,India,4100,4250
14-11-2024,Soybean,Plant,Bundi,Rajasthan,India,4350,4400
14-11-2024,Soybean,Mandi,Bundi,Rajasthan,India,4000,4300
14-11-2024,Soybean,Plant,Baran,Rajasthan,India,4450,4500
14-11-2024,Soybean,Mandi,Baran,Rajasthan,India,4150,4350
14-11-2024,Soybean,Plant,Bhawani/Jhalawar,Rajasthan,India,4350,4400
14-11-2024,Soybean,Mandi,Bhawani/Jhalawar,Rajasthan,India,4250,4300
14-11-2024,Rapeseed/Mustard,Condition,Jaipur,Rajasthan,India,6600,6625
14-11-2024,Rapeseed/Mustard,Condition,Alwar,Rajasthan,India,6200,6250
14-11-2024,Rapeseed/Mustard,Non-Condition,Sri Ganganagar,Rajasthan,India,5750,6150
14-11-2024,Rapeseed/Mustard,Condition,New Delhi,Delhi,India,6400,6450
14-11-2024,Rapeseed/Mustard,Condition,Kota,Rajasthan,India,6300,6350
14-11-2024,Rapeseed/Mustard,Condition,Agra,Uttar Pradesh,India,6881,6929
14-11-2024,Rapeseed/Mustard,Loose,Neewai,Rajasthan,India,6275,6325
14-11-2024,Rapeseed/Mustard,Condition,Hapur,Uttar Pradesh,India,6250,6300
14-11-2024,Groundnut Seed,With Shell,Rajkot,Gujarat,India,4850,6370
14-11-2024,Groundnut Seed,With Shell,Bikaner,Rajasthan,India,5000,6200
14-11-2024,Groundnut (Bold Without Shell 40/50),Without Shell,Bikaner,Rajasthan,India,7600,7800
15-11-2024,Soybean,Plant,Indore,Madhya Pradesh,India,4400,4500
15-11-2024,Soybean,Mandi,Indore,Madhya Pradesh,India,0,0
15-11-2024,Soybean,Plant,Nagpur,Maharashtra,India,4375,4450
15-11-2024,Soybean,Mandi,Nagpur,Maharashtra,India,3700,4250
15-11-2024,Soybean,Mandi,Latur,Maharashtra,India,0,0
15-11-2024,Soybean,Mandi,Akola,Maharashtra,India,3500,4345
15-11-2024,Soybean,Plant,Kota,Rajasthan,India,4325,4375
15-11-2024,Soybean,Mandi,Kota,Rajasthan,India,0,0
15-11-2024,Soybean,Plant,Bundi,Rajasthan,India,4350,4400
15-11-2024,Soybean,Mandi,Bundi,Rajasthan,India,0,0
15-11-2024,Soybean,Plant,Baran,Rajasthan,India,4450,4500
15-11-2024,Soybean,Mandi,Baran,Rajasthan,India,0,0
15-11-2024,Soybean,Plant,Bhawani/Jhalawar,Rajasthan,India,4350,4400
15-11-2024,Soybean,Mandi,Bhawani/Jhalawar,Rajasthan,India,0,0
15-11-2024,Rapeseed/Mustard,Condition,Jaipur,Rajasthan,India,6625,6650
15-11-2024,Rapeseed/Mustard,Condition,Alwar,Rajasthan,India,6150,6200
15-11-2024,Rapeseed/Mustard,Non-Condition,Sri Ganganagar,Rajasthan,India,5750,6150
15-11-2024,Rapeseed/Mustard,Condition,New Delhi,Delhi,India,6450,6500
15-11-2024,Rapeseed/Mustard,Condition,Kota,Rajasthan,India,0,0
15-11-2024,Rapeseed/Mustard,Condition,Agra,Uttar Pradesh,India,6881,6929
15-11-2024,Rapeseed/Mustard,Loose,Neewai,Rajasthan,India,6300,6350
15-11-2024,Rapeseed/Mustard,Condition,Hapur,Uttar Pradesh,India,6300,6350
15-11-2024,Groundnut Seed,With Shell,Rajkot,Gujarat,India,4755,6200
15-11-2024,Groundnut Seed,With Shell,Bikaner,Rajasthan,India,5000,6200
15-11-2024,Groundnut (Bold Without Shell 40/50),Without Shell,Bikaner,Rajasthan,India,7600,7800
16-11-2024,Soybean,Plant,Indore,Madhya Pradesh,India,4500,4550
16-11-2024,Soybean,Mandi,Indore,Madhya Pradesh,India,4450,4500
16-11-2024,Soybean,Plant,Nagpur,Maharashtra,India,4375,4450
16-11-2024,Soybean,Mandi,Nagpur,Maharashtra,India,4100,4380
16-11-2024,Soybean,Mandi,Latur,Maharashtra,India,4190,4365
16-11-2024,Soybean,Mandi,Akola,Maharashtra,India,3500,4450
16-11-2024,Soybean,Plant,Kota,Rajasthan,India,4500,4550
16-11-2024,Soybean,Mandi,Kota,Rajasthan,India,4350,4400
16-11-2024,Soybean,Plant,Bundi,Rajasthan,India,4350,4400
16-11-2024,Soybean,Mandi,Bundi,Rajasthan,India,4000,4300
16-11-2024,Soybean,Plant,Baran,Rajasthan,India,4350,4400
16-11-2024,Soybean,Mandi,Baran,Rajasthan,India,4200,4250
16-11-2024,Soybean,Plant,Bhawani/Jhalawar,Rajasthan,India,4350,4400
16-11-2024,Soybean,Mandi,Bhawani/Jhalawar,Rajasthan,India,4250,4300
16-11-2024,Rapeseed/Mustard,Condition,Jaipur,Rajasthan,India,6725,6750
16-11-2024,Rapeseed/Mustard,Condition,Alwar,Rajasthan,India,6300,6350
16-11-2024,Rapeseed/Mustard,Non-Condition,Sri Ganganagar,Rajasthan,India,5700,6100
16-11-2024,Rapeseed/Mustard,Condition,New Delhi,Delhi,India,6550,6600
16-11-2024,Rapeseed/Mustard,Condition,Kota,Rajasthan,India,6550,6600
16-11-2024,Rapeseed/Mustard,Condition,Agra,Uttar Pradesh,India,6881,6929
16-11-2024,Rapeseed/Mustard,Loose,Neewai,Rajasthan,India,6350,6400
16-11-2024,Rapeseed/Mustard,Condition,Hapur,Uttar Pradesh,India,6350,6400
16-11-2024,Groundnut Seed,With Shell,Rajkot,Gujarat,India,4750,6175
16-11-2024,Groundnut Seed,With Shell,Bikaner,Rajasthan,India,5000,6200
16-11-2024,Groundnut (Bold Without Shell 40/50),Without Shell,Bikaner,Rajasthan,India,7600,7800
18-11-2024,Soybean,Plant,Indore,Madhya Pradesh,India,4500,4550
18-11-2024,Soybean,Mandi,Indore,Madhya Pradesh,India,4350,4375
18-11-2024,Soybean,Plant,Nagpur,Maharashtra,India,4450,4500
18-11-2024,Soybean,Mandi,Nagpur,Maharashtra,India,4100,4420
18-11-2024,Soybean,Mandi,Latur,Maharashtra,India,4200,4350
18-11-2024,Soybean,Mandi,Akola,Maharashtra,India,3700,4555
18-11-2024,Soybean,Plant,Kota,Rajasthan,India,4400,4450
18-11-2024,Rapeseed/Mustard,Condition,Jaipur,Rajasthan,India,6700,6725
18-11-2024,Rapeseed/Mustard,Condition,Alwar,Rajasthan,India,6250,6300
18-11-2024,Rapeseed/Mustard,Non-Condition,Sri Ganganagar,Rajasthan,India,5700,6200
18-11-2024,Rapeseed/Mustard,Condition,New Delhi,Delhi,India,6600,6650
18-11-2024,Groundnut Seed,With Shell,Rajkot,Gujarat,India,4700,6290
18-11-2024,Groundnut Seed,With Shell,Bikaner,Rajasthan,India,4800,6400
18-11-2024,Groundnut Bold,Without Shell 40/50,Bikaner,Rajasthan,India,7500,7700
19-11-2024,Soybean,Plant,Indore,Madhya Pradesh,India,4350,4450
19-11-2024,Soybean,Mandi,Indore,Madhya Pradesh,India,4300,4360
19-11-2024,Soybean,Plant,Nagpur,Maharashtra,India,4350,4450
19-11-2024,Soybean,Mandi,Nagpur,Maharashtra,India,4070,4200
19-11-2024,Soybean,Mandi,Latur,Maharashtra,India,4160,4280
19-11-2024,Soybean,Mandi,Akola,Maharashtra,India,0,0
19-11-2024,Soybean,Plant,Kota,Rajasthan,India,4375,4425
19-11-2024,Rapeseed/Mustard,Condition,Jaipur,Rajasthan,India,6725,6750
19-11-2024,Rapeseed/Mustard,Condition,Alwar,Rajasthan,India,6350,6400
19-11-2024,Rapeseed/Mustard,Non-Condition,Sri Ganganagar,Rajasthan,India,5700,6000
19-11-2024,Rapeseed/Mustard,Condition,New Delhi,Delhi,India,6550,6600
19-11-2024,Groundnut Seed,With Shell,Rajkot,Gujarat,India,4600,6165
19-11-2024,Groundnut Seed,With Shell,Bikaner,Rajasthan,India,4800,6400
19-11-2024,Groundnut Bold,Without Shell 40/50,Bikaner,Rajasthan,India,7500,7700
20-11-2024,Soybean,Plant,Indore,Madhya Pradesh,India,4350,4400
20-11-2024,Soybean,Mandi,Indore,Madhya Pradesh,India,4275,4300
20-11-2024,Soybean,Plant,Nagpur,Maharashtra,India,4350,4450
20-11-2024,Soybean,Mandi,Nagpur,Maharashtra,India,0,0
20-11-2024,Soybean,Mandi,Latur,Maharashtra,India,0,0
20-11-2024,Soybean,Mandi,Akola,Maharashtra,India,0,0
20-11-2024,Soybean,Plant,Kota,Rajasthan,India,4350,4400
20-11-2024,Soybean,Mandi,Kota,Rajasthan,India,4300,4350
20-11-2024,Soybean,Plant,Bundi,Rajasthan,India,4450,4500
20-11-2024,Soybean,Mandi,Bundi,Rajasthan,India,4000,4400
20-11-2024,Soybean,Plant,Baran,Rajasthan,India,4450,4500
20-11-2024,Soybean,Mandi,Baran,Rajasthan,India,4300,4450
20-11-2024,Soybean,Plant,Bhawani/Jhalawar,Rajasthan,India,4400,4450
20-11-2024,Soybean,Mandi,Bhawani/Jhalawar,Rajasthan,India,4250,4300
20-11-2024,Rapeseed/Mustard,Condition,Jaipur,Rajasthan,India,6700,6725
20-11-2024,Rapeseed/Mustard,Condition,Alwar,Rajasthan,India,6250,6300
20-11-2024,Rapeseed/Mustard,Non-Condition,Sri Ganganagar,Rajasthan,India,5800,6000
20-11-2024,Rapeseed/Mustard,Condition,New Delhi,Delhi,India,6550,6600
20-11-2024,Rapeseed/Mustard,Condition,Kota,Rajasthan,India,6400,6450
20-11-2024,Rapeseed/Mustard,Condition,Agra,Uttar Pradesh,India,6881,6929
20-11-2024,Rapeseed/Mustard,Loose,Neewai,Rajasthan,India,6250,6300
20-11-2024,Rapeseed/Mustard,Condition,Hapur,Uttar Pradesh,India,6350,6400
20-11-2024,Groundnut,With Shell,Rajkot,Gujarat,India,4500,6075
20-11-2024,Groundnut,With Shell,Bikaner,Rajasthan,India,4800,6400
20-11-2024,Groundnut,Without Shell,Bikaner,Rajasthan,India,7500,7700
20-11-2024,Sunflower Seed,-,Maharashtra/Karnataka,Maharashtra/Karnataka,India,0,0
21-11-2024,Soybean,Plant,Indore,Madhya Pradesh,India,4300,4375
21-11-2024,Soybean,Mandi,Indore,Madhya Pradesh,India,4175,4200
21-11-2024,Soybean,Plant,Nagpur,Maharashtra,India,4350,4500
21-11-2024,Soybean,Mandi,Nagpur,Maharashtra,India,3800,4210
21-11-2024,Soybean,Mandi,Latur,Maharashtra,India,4020,4250
21-11-2024,Soybean,Mandi,Akola,Maharashtra,India,3500,4420
21-11-2024,Soybean,Plant,Kota,Rajasthan,India,4300,4350
21-11-2024,Soybean,Mandi,Kota,Rajasthan,India,4250,4300
21-11-2024,Soybean,Plant,Bundi,Rajasthan,India,4450,4500
21-11-2024,Soybean,Mandi,Bundi,Rajasthan,India,4000,4400
21-11-2024,Soybean,Plant,Baran,Rajasthan,India,4450,4500
21-11-2024,Soybean,Mandi,Baran,Rajasthan,India,4300,4400
21-11-2024,Soybean,Plant,Bhawani/Jhalawar,Rajasthan,India,4350,4400
21-11-2024,Soybean,Mandi,Bhawani/Jhalawar,Rajasthan,India,4200,4250
21-11-2024,Rapeseed/Mustard,Condition,Jaipur,Rajasthan,India,6650,6675
21-11-2024,Rapeseed/Mustard,Condition,Alwar,Rajasthan,India,6200,6250
21-11-2024,Rapeseed/Mustard,Non-Condition,Sri Ganganagar,Rajasthan,India,5800,6000
21-11-2024,Rapeseed/Mustard,Condition,New Delhi,Delhi,India,6450,6500
21-11-2024,Rapeseed/Mustard,Condition,Kota,Rajasthan,India,6350,6400
21-11-2024,Rapeseed/Mustard,Condition,Agra,Uttar Pradesh,India,6786,6833
21-11-2024,Rapeseed/Mustard,Loose,Neewai,Rajasthan,India,6200,6250
21-11-2024,Rapeseed/Mustard,Condition,Hapur,Uttar Pradesh,India,6325,6375
21-11-2024,Groundnut,With shell,Rajkot,Gujarat,India,4400,6070
21-11-2024,Groundnut,With shell,Bikaner,Rajasthan,India,4800,6400
21-11-2024,Groundnut,Without shell,Bikaner,Rajasthan,India,7500,7700
22-11-2024,Soybean,Plant,Indore,Madhya Pradesh,India,4325,4400
22-11-2024,Soybean,Mandi,Indore,Madhya Pradesh,India,4150,4190
22-11-2024,Soybean,Plant,Nagpur,Maharashtra,India,4325,4400
22-11-2024,Soybean,Mandi,Nagpur,Maharashtra,India,3600,4100
22-11-2024,Soybean,Mandi,Latur,Maharashtra,India,4100,4400
22-11-2024,Soybean,Mandi,Akola,Maharashtra,India,3450,4325
22-11-2024,Soybean,Plant,Kota,Rajasthan,India,4300,4350
22-11-2024,Soybean,Mandi,Kota,Rajasthan,India,4250,4300
22-11-2024,Soybean,Plant,Bundi,Rajasthan,India,4400,4450
22-11-2024,Soybean,Mandi,Bundi,Rajasthan,India,3800,4325
22-11-2024,Soybean,Plant,Baran,Rajasthan,India,4500,4550
22-11-2024,Soybean,Mandi,Baran,Rajasthan,India,4350,4450
22-11-2024,Soybean,Plant,Bhawani/Jhalawar,Rajasthan,India,4350,4400
22-11-2024,Soybean,Mandi,Bhawani/Jhalawar,Rajasthan,India,4250,4300
22-11-2024,Rapeseed/Mustard,Condition,Jaipur,Rajasthan,India,6625,6650
22-11-2024,Rapeseed/Mustard,Condition,Alwar,Rajasthan,India,6150,6200
22-11-2024,Rapeseed/Mustard,Non-Condition,Sri Ganganagar,Rajasthan,India,5700,6200
22-11-2024,Rapeseed/Mustard,Condition,New Delhi,Delhi,India,6450,6500
22-11-2024,Rapeseed/Mustard,Condition,Kota,Rajasthan,India,6350,6400
22-11-2024,Rapeseed/Mustard,Condition,Agra,Uttar Pradesh,India,6810,6857
22-11-2024,Rapeseed/Mustard,Loose,Neewai,Rajasthan,India,6200,6250
22-11-2024,Rapeseed/Mustard,Condition,Hapur,Uttar Pradesh,India,6300,6350
22-11-2024,Groundnut Seed,With Shell,Rajkot,Gujarat,India,4400,6100
22-11-2024,Groundnut Seed,With Shell,Bikaner,Rajasthan,India,5000,6400
22-11-2024,Groundnut Bold,Without Shell,Bikaner,Rajasthan,India,7300,8000
23-11-2024,Soybean,Plant,Indore,Madhya Pradesh,India,4325,4400
23-11-2024,Soybean,Mandi,Indore,Madhya Pradesh,India,4150,4165
23-11-2024,Soybean,Plant,Nagpur,Maharashtra,India,4325,4400
23-11-2024,Soybean,Mandi,Nagpur,Maharashtra,India,3800,4210
23-11-2024,Soybean,Mandi,Latur,Maharashtra,India,4200,4500
23-11-2024,Soybean,Mandi,Akola,Maharashtra,India,3600,4355
23-11-2024,Soybean,Plant,Kota,Rajasthan,India,4300,4350
23-11-2024,Soybean,Mandi,Kota,Rajasthan,India,4250,4300
23-11-2024,Soybean,Plant,Bundi,Rajasthan,India,4400,4450
23-11-2024,Soybean,Mandi,Bundi,Rajasthan,India,3800,4325
23-11-2024,Soybean,Plant,Baran,Rajasthan,India,4450,4500
23-11-2024,Soybean,Mandi,Baran,Rajasthan,India,4300,4400
23-11-2024,Soybean,Plant,Bhawani/Jhalawar,Rajasthan,India,4400,4450
23-11-2024,Soybean,Mandi,Bhawani/Jhalawar,Rajasthan,India,4300,4340
23-11-2024,Rapeseed/Mustard,Condition,Jaipur,Rajasthan,India,6625,6650
23-11-2024,Rapeseed/Mustard,Condition,Alwar,Rajasthan,India,6150,6200
23-11-2024,Rapeseed/Mustard,Non-Condition,Sri Ganganagar,Rajasthan,India,5700,6175
23-11-2024,Rapeseed/Mustard,Condition,New Delhi,Delhi,India,6425,6475
23-11-2024,Rapeseed/Mustard,Condition,Kota,Rajasthan,India,6350,6400
23-11-2024,Rapeseed/Mustard,Condition,Agra,Uttar Pradesh,India,6810,6857
23-11-2024,Rapeseed/Mustard,Loose,Neewai,Rajasthan,India,6175,6225
23-11-2024,Rapeseed/Mustard,Condition,Hapur,Uttar Pradesh,India,6300,6350
23-11-2024,Groundnut Seed,With Shell,Rajkot,Gujarat,India,4400,5950
23-11-2024,Groundnut Seed,With Shell,Bikaner,Rajasthan,India,5000,6400
23-11-2024,Groundnut Bold,Without Shell,Bikaner,Rajasthan,India,7300,8000
25-11-2024,Soybean,Plant,Indore,Madhya Pradesh,India,4375,4475
25-11-2024,Soybean,Mandi,Indore,Madhya Pradesh,India,4150,4200
25-11-2024,Soybean,Plant,Nagpur,Maharashtra,India,4375,4475
25-11-2024,Soybean,Mandi,Nagpur,Maharashtra,India,3800,4180
25-11-2024,Soybean,Mandi,Latur,Maharashtra,India,4220,4400
25-11-2024,Soybean,Mandi,Akola,Maharashtra,India,3400,4290
25-11-2024,Soybean,Plant,Kota,Rajasthan,India,4325,4375
25-11-2024,Soybean,Mandi,Kota,Rajasthan,India,4275,4325
25-11-2024,Soybean,Plant,Bundi,Rajasthan,India,4350,4400
25-11-2024,Soybean,Mandi,Bundi,Rajasthan,India,4000,4300
25-11-2024,Soybean,Plant,Baran,Rajasthan,India,4350,4400
25-11-2024,Soybean,Mandi,Baran,Rajasthan,India,4250,4300
25-11-2024,Soybean,Plant,Bhawani/Jhalawar,Rajasthan,India,4350,4400
25-11-2024,Soybean,Mandi,Bhawani/Jhalawar,Rajasthan,India,4100,4300
25-11-2024,Rapeseed,Condition,Jaipur,Rajasthan,India,6625,6650
25-11-2024,Rapeseed,Condition,Alwar,Rajasthan,India,6250,6300
25-11-2024,Rapeseed,Non-Condition,Sri Ganganagar,Rajasthan,India,5500,6100
25-11-2024,Rapeseed,Condition,New Delhi,Delhi,India,6400,6450
25-11-2024,Rapeseed,Condition,Kota,Rajasthan,India,6375,6425
25-11-2024,Rapeseed,Condition,Agra,Uttar Pradesh,India,6833,6881
25-11-2024,Rapeseed,Loose,Neewai,Rajasthan,India,6250,6300
25-11-2024,Rapeseed,Condition,Hapur,Uttar Pradesh,India,6300,6350
25-11-2024,Groundnut,With Shell,Rajkot,Gujarat,India,4500,6100
25-11-2024,Groundnut,With Shell,Bikaner,Rajasthan,India,5000,6400
25-11-2024,Groundnut,Bold (40/50),Bikaner,Rajasthan,India,7300,8000
26-11-2024,Soybean,Plant,Indore,Madhya Pradesh,India,4350,4425
26-11-2024,Soybean,Mandi,Indore,Madhya Pradesh,India,4200,4225
26-11-2024,Soybean,Plant,Nagpur,Maharashtra,India,4375,4475
26-11-2024,Soybean,Mandi,Nagpur,Maharashtra,India,4100,4325
26-11-2024,Soybean,Mandi,Latur,Maharashtra,India,4280,4415
26-11-2024,Soybean,Mandi,Akola,Maharashtra,India,3600,4395
26-11-2024,Soybean,Plant,Kota,Rajasthan,India,4325,4375
26-11-2024,Soybean,Mandi,Kota,Rajasthan,India,4275,4325
26-11-2024,Soybean,Plant,Bundi,Rajasthan,India,4350,4400
26-11-2024,Soybean,Mandi,Bundi,Rajasthan,India,4000,4300
26-11-2024,Soybean,Plant,Baran,Rajasthan,India,4350,4400
26-11-2024,Soybean,Mandi,Baran,Rajasthan,India,4200,4300
26-11-2024,Soybean,Plant,Bhawani/Jhalawar,Rajasthan,India,4350,4400
26-11-2024,Soybean,Mandi,Bhawani/Jhalawar,Rajasthan,India,4100,4300
26-11-2024,Rapeseed/Mustard,Condition,Jaipur,Rajasthan,India,6650,6675
26-11-2024,Rapeseed/Mustard,Condition,Alwar,Rajasthan,India,6250,6300
26-11-2024,Rapeseed/Mustard,Non-Condition,Sri Ganganagar,Rajasthan,India,5500,6000
26-11-2024,Rapeseed/Mustard,Condition,New Delhi,Delhi,India,6350,6400
26-11-2024,Rapeseed/Mustard,Condition,Kota,Rajasthan,India,6400,6450
26-11-2024,Rapeseed/Mustard,Condition,Agra,Uttar Pradesh,India,6833,6881
26-11-2024,Rapeseed/Mustard,Loose,Neewai,Rajasthan,India,6150,6200
26-11-2024,Rapeseed/Mustard,Condition,Hapur,Uttar Pradesh,India,6300,6350
26-11-2024,Groundnut Seed,Shell,Rajkot,Gujarat,India,4405,6165
26-11-2024,Groundnut Seed,Shell,Bikaner,Rajasthan,India,5000,6400
26-11-2024,Groundnut Bold,Without Shell,Bikaner,Rajasthan,India,7100,7500
27-11-2024,Soyabean,Plant,Indore,Madhya Pradesh,India,4350,4425
27-11-2024,Soyabean,Mandi,Indore,Madhya Pradesh,India,4175,4200
27-11-2024,Soyabean,Plant,Nagpur,Maharashtra,India,4400,4450
27-11-2024,Soyabean,Mandi,Nagpur,Maharashtra,India,3800,4185
27-11-2024,Soyabean,Mandi,Latur,Maharashtra,India,4200,4350
27-11-2024,Soyabean,Mandi,Akola,Maharashtra,India,3700,4335
27-11-2024,Soyabean,Plant,Kota,Rajasthan,India,4300,4350
27-11-2024,Soyabean,Mandi,Kota,Rajasthan,India,4250,4300
27-11-2024,Soyabean,Plant,Bundi,Rajasthan,India,4350,4400
27-11-2024,Soyabean,Mandi,Bundi,Rajasthan,India,4000,4300
27-11-2024,Soyabean,Plant,Baran,Rajasthan,India,4300,4350
27-11-2024,Soyabean,Mandi,Baran,Rajasthan,India,4200,4250
27-11-2024,Soyabean,Plant,Bhawani/Jhalawar,Rajasthan,India,4350,4400
27-11-2024,Soyabean,Mandi,Bhawani/Jhalawar,Rajasthan,India,4100,4325
27-11-2024,Rapeseed/Mustard,Condition,Jaipur,Rajasthan,India,6625,6650
27-11-2024,Rapeseed/Mustard,Condition,Alwar,Rajasthan,India,6200,6250
27-11-2024,Rapeseed/Mustard,Non-Condition,Sri Ganganagar,Rajasthan,India,5500,6100
27-11-2024,Rapeseed/Mustard,Condition,New Delhi,Delhi,India,6350,6400
27-11-2024,Rapeseed/Mustard,Condition,Kota,Rajasthan,India,6350,6400
27-11-2024,Rapeseed/Mustard,Condition,Agra,Uttar Pradesh,India,6810,6857
27-11-2024,Rapeseed/Mustard,Loose,Neewai,Rajasthan,India,6150,6200
27-11-2024,Rapeseed/Mustard,Condition,Hapur,Uttar Pradesh,India,6300,6325
27-11-2024,Groundnut,With Shell,Rajkot,Gujarat,India,4500,6075
27-11-2024,Groundnut,With Shell,Bikaner,Rajasthan,India,5000,5600
27-11-2024,Groundnut,Bold Without Shell 40/50,Bikaner,Rajasthan,India,7100,7300
28-11-2024,Soybean,Plant,Indore,Madhya Pradesh,India,4350,4425
28-11-2024,Soybean,Mandi,Indore,Madhya Pradesh,India,4200,4230
28-11-2024,Soybean,Plant,Nagpur,Maharashtra,India,4450,4500
28-11-2024,Soybean,Mandi,Nagpur,Maharashtra,India,4100,4340
28-11-2024,Soybean,Mandi,Latur,Maharashtra,India,4050,4250
28-11-2024,Soybean,Mandi,Akola,Maharashtra,India,3600,4380
28-11-2024,Soybean,Plant,Kota,Rajasthan,India,4300,4325
28-11-2024,Soybean,Mandi,Kota,Rajasthan,India,4250,4300
28-11-2024,Soybean,Plant,Bundi,Rajasthan,India,4350,4400
28-11-2024,Soybean,Mandi,Bundi,Rajasthan,India,4000,4300
28-11-2024,Soybean,Plant,Baran,Rajasthan,India,4450,4500
28-11-2024,Soybean,Mandi,Baran,Rajasthan,India,4300,4350
28-11-2024,Soybean,Plant,Bhawani/Jhalawar,Rajasthan,India,4350,4400
28-11-2024,Soybean,Mandi,Bhawani/Jhalawar,Rajasthan,India,4100,4300
28-11-2024,Rapeseed/Mustard,Condition,Jaipur,Rajasthan,India,6550,6575
28-11-2024,Rapeseed/Mustard,Condition,Alwar,Rajasthan,India,6150,6200
28-11-2024,Rapeseed/Mustard,Non-Condition,Sri Ganganagar,Rajasthan,India,5500,6150
28-11-2024,Rapeseed/Mustard,Condition,New Delhi,Delhi,India,6400,6450
28-11-2024,Rapeseed/Mustard,Condition,Kota,Rajasthan,India,6300,6350
28-11-2024,Rapeseed/Mustard,Condition,Agra,Uttar Pradesh,India,6738,6786
28-11-2024,Rapeseed/Mustard,Loose,Neewai,Rajasthan,India,6100,6150
28-11-2024,Rapeseed/Mustard,Condition,Hapur,Uttar Pradesh,India,6250,6300
28-11-2024,Groundnut,With Shell,Rajkot,Gujarat,India,4600,6290
28-11-2024,Groundnut,With Shell,Bikaner,Rajasthan,India,5000,5400
28-11-2024,Groundnut,Bold 40/50,Bikaner,Rajasthan,India,7100,7300
29-11-2024,Soybean,Plant,Indore,Madhya Pradesh,India,4600,4650
29-11-2024,Soybean,Mandi,Indore,Madhya Pradesh,India,4250,4360
29-11-2024,Soybean,Plant,Nagpur,Maharashtra,India,4350,4525
29-11-2024,Soybean,Mandi,Nagpur,Maharashtra,India,4000,4350
29-11-2024,Soybean,Mandi,Latur,Maharashtra,India,4280,4400
29-11-2024,Soybean,Mandi,Akola,Maharashtra,India,3575,4450
29-11-2024,Soybean,Plant,Kota,Rajasthan,India,4325,4375
29-11-2024,Soybean,Mandi,Kota,Rajasthan,India,4250,4350
29-11-2024,Soybean,Plant,Bundi,Rajasthan,India,4350,4400
29-11-2024,Soybean,Mandi,Bundi,Rajasthan,India,4000,4300
29-11-2024,Soybean,Plant,Baran,Rajasthan,India,4450,4500
29-11-2024,Soybean,Mandi,Baran,Rajasthan,India,4300,4350
29-11-2024,Soybean,Plant,Bhawani/Jhalawar,Rajasthan,India,4350,4400
29-11-2024,Soybean,Mandi,Bhawani/Jhalawar,Rajasthan,India,4100,4300
29-11-2024,Rapeseed/Mustard,Condition,Jaipur,Rajasthan,India,6575,6600
29-11-2024,Rapeseed/Mustard,Condition,Alwar,Rajasthan,India,6100,6150
29-11-2024,Rapeseed/Mustard,Non-Condition,Sri Ganganagar,Rajasthan,India,5550,5900
29-11-2024,Rapeseed/Mustard,Condition,New Delhi,Delhi,India,6400,6450
29-11-2024,Rapeseed/Mustard,Condition,Kota,Rajasthan,India,6400,6450
29-11-2024,Rapeseed/Mustard,Condition,Agra,Uttar Pradesh,India,6714,6762
29-11-2024,Rapeseed/Mustard,Loose,Neewai,Rajasthan,India,6150,6200
29-11-2024,Rapeseed/Mustard,Condition,Hapur,Uttar Pradesh,India,6250,6300
29-11-2024,Groundnut Seed,With shell,Rajkot,Gujarat,India,4375,6155
29-11-2024,Groundnut Seed,With shell,Bikaner,Rajasthan,India,4800,5300
29-11-2024,Groundnut,Bold Without Shell,Bikaner,Rajasthan,India,7200,7500
30-11-2024,Soybean,Plant,Indore,Madhya Pradesh,India,4350,4425
30-11-2024,Soybean,Mandi,Indore,Madhya Pradesh,India,4250,4310
30-11-2024,Soybean,Plant,Nagpur,Maharashtra,India,4400,4450
30-11-2024,Soybean,Mandi,Nagpur,Maharashtra,India,4100,4200
30-11-2024,Soybean,Mandi,Latur,Maharashtra,India,Closed,Closed
30-11-2024,Soybean,Mandi,Akola,Maharashtra,India,3600,4400
30-11-2024,Soybean,Plant,Kota,Rajasthan,India,4325,4375
30-11-2024,Soybean,Mandi,Kota,Rajasthan,India,4250,4350
30-11-2024,Soybean,Plant,Bundi,Rajasthan,India,4350,4400
30-11-2024,Soybean,Mandi,Bundi,Rajasthan,India,4000,4300
30-11-2024,Soybean,Plant,Baran,Rajasthan,India,4450,4500
30-11-2024,Soybean,Mandi,Baran,Rajasthan,India,4350,4400
30-11-2024,Soybean,Plant,Bhawani/Jhalawar,Rajasthan,India,4350,4400
30-11-2024,Soybean,Mandi,Bhawani/Jhalawar,Rajasthan,India,Closed,Closed
30-11-2024,Rapeseed/Mustard,Condition,Jaipur,Rajasthan,India,6600,6625
30-11-2024,Rapeseed/Mustard,Condition,Alwar,Rajasthan,India,6150,6200
30-11-2024,Rapeseed/Mustard,Non-Condition,Sri Ganganagar,Rajasthan,India,5600,5900
30-11-2024,Rapeseed/Mustard,Condition,New Delhi,Delhi,India,6400,6450
30-11-2024,Rapeseed/Mustard,Condition,Kota,Rajasthan,India,6400,6450
30-11-2024,Rapeseed/Mustard,Condition,Agra,Uttar Pradesh,India,6714,6762
30-11-2024,Rapeseed/Mustard,Loose,Neewai,Rajasthan,India,6200,6250
30-11-2024,Rapeseed/Mustard,Condition,Hapur,Uttar Pradesh,India,6275,6325
30-11-2024,Groundnut Seed,With shell,Rajkot,Gujarat,India,4500,6290
30-11-2024,Groundnut Seed,With shell,Bikaner,Rajasthan,India,4500,5200
30-11-2024,Groundnut,Bold Without Shell,Bikaner,Rajasthan,India,7200,7800
02-12-2024,Soyabean,Plant,Indore,Madhya Pradesh,India,4300,4400
02-12-2024,Soyabean,Mandi,Indore,Madhya Pradesh,India,4250,4300
02-12-2024,Soyabean,Plant,Nagpur,Maharashtra,India,4400,4475
02-12-2024,Soyabean,Mandi,Nagpur,Maharashtra,India,4100,4280
02-12-2024,Soyabean,Mandi,Latur,Maharashtra,India,3955,4390
02-12-2024,Soyabean,Mandi,Akola,Maharashtra,India,3625,4400
02-12-2024,Soyabean,Plant,Kota,Rajasthan,India,4275,4325
02-12-2024,Soyabean,Mandi,Kota,Rajasthan,India,4250,4300
02-12-2024,Soyabean,Plant,Bundi,Rajasthan,India,4350,4400
02-12-2024,Soyabean,Mandi,Bundi,Rajasthan,India,4000,4300
02-12-2024,Soyabean,Plant,Baran,Rajasthan,India,4450,4500
02-12-2024,Soyabean,Mandi,Baran,Rajasthan,India,4350,4400
02-12-2024,Soyabean,Plant,Bhawani/Jhalawar,Rajasthan,India,4300,4350
02-12-2024,Soyabean,Mandi,Bhawani/Jhalawar,Rajasthan,India,4100,4260
02-12-2024,Rapeseed/Mustard,Condition,Jaipur,Rajasthan,India,6575,6600
02-12-2024,Rapeseed/Mustard,Condition,Alwar,Rajasthan,India,6200,6250
02-12-2024,Rapeseed/Mustard,Non-Condition,Sri Ganganagar,Rajasthan,India,5500,5850
02-12-2024,Rapeseed/Mustard,Condition,New Delhi,Delhi,India,6330,6380
02-12-2024,Rapeseed/Mustard,Condition,Kota,Rajasthan,India,6250,6300
02-12-2024,Rapeseed/Mustard,Condition,Agra,Uttar Pradesh,India,6714,6762
02-12-2024,Rapeseed/Mustard,Loose,Neewai,Rajasthan,India,6175,6225
02-12-2024,Rapeseed/Mustard,Condition,Hapur,Uttar Pradesh,India,6250,6300
02-12-2024,Groundnut Seed,With Shell,Rajkot,Gujarat,India,4400,6025
02-12-2024,Groundnut Seed,With Shell,Bikaner,Rajasthan,India,4500,5200
02-12-2024,Groundnut Bold,Without Shell,Bikaner,Rajasthan,India,7200,7800
03-12-2024,Soybean,Plant,Indore,Madhya Pradesh,India,4300,4400
03-12-2024,Soybean,Mandi,Indore,Madhya Pradesh,India,4175,4245
03-12-2024,Soybean,Plant,Nagpur,Maharashtra,India,4375,4425
03-12-2024,Soybean,Mandi,Nagpur,Maharashtra,India,3975,4100
03-12-2024,Soybean,Mandi,Latur,Maharashtra,India,4100,4340
03-12-2024,Soybean,Mandi,Akola,Maharashtra,India,3625,4400
03-12-2024,Soybean,Plant,Kota,Rajasthan,India,4275,4325
03-12-2024,Soybean,Mandi,Kota,Rajasthan,India,4200,4300
03-12-2024,Soybean,Plant,Bundi,Rajasthan,India,4000,4250
03-12-2024,Soybean,Mandi,Bundi,Rajasthan,India,4000,4300
03-12-2024,Soybean,Plant,Baran,Rajasthan,India,4350,4400
03-12-2024,Soybean,Mandi,Baran,Rajasthan,India,4250,4300
03-12-2024,Soybean,Plant,Bhawani/Jhalawar,Rajasthan,India,4300,4350
03-12-2024,Soybean,Mandi,Bhawani/Jhalawar,Rajasthan,India,4100,4250
03-12-2024,Rapeseed/Mustard,Condition,Jaipur,Rajasthan,India,6575,6600
03-12-2024,Rapeseed/Mustard,Condition,Alwar,Rajasthan,India,6200,6250
03-12-2024,Rapeseed/Mustard,Non-Condition,Sri Ganganagar,Rajasthan,India,5650,6000
03-12-2024,Rapeseed/Mustard,Condition,New Delhi,Delhi,India,6325,6375
03-12-2024,Rapeseed/Mustard,Condition,Kota,Rajasthan,India,6250,6300
03-12-2024,Rapeseed/Mustard,Condition,Agra,Uttar Pradesh,India,6714,6762
03-12-2024,Rapeseed/Mustard,Loose,Neewai,Rajasthan,India,6125,6175
03-12-2024,Rapeseed/Mustard,Condition,Hapur,Uttar Pradesh,India,6200,6250
03-12-2024,Groundnut Seed (Shell),Mandi,Rajkot,Gujarat,India,4400,5950
03-12-2024,Groundnut Seed (Shell),Mandi,Bikaner,Rajasthan,India,4500,5200
03-12-2024,Groundnut (Bold),Mandi,Bikaner,Rajasthan,India,7000,7500
04-12-2024,Soybean,Plant,Indore,Madhya Pradesh,India,4275,4350
04-12-2024,Soybean,Mandi,Indore,Madhya Pradesh,India,4125,4225
04-12-2024,Soybean,Plant,Nagpur,Maharashtra,India,4350,4450
04-12-2024,Soybean,Mandi,Nagpur,Maharashtra,India,4000,4150
04-12-2024,Soybean,Mandi,Latur,Maharashtra,India,4180,4370
04-12-2024,Soybean,Mandi,Akola,Maharashtra,India,3625,4470
04-12-2024,Soybean,Plant,Kota,Rajasthan,India,4250,4300
04-12-2024,Soybean,Mandi,Kota,Rajasthan,India,4200,4250
04-12-2024,Soybean,Plant,Bundi,Rajasthan,India,4350,4400
04-12-2024,Soybean,Mandi,Bundi,Rajasthan,India,4000,4200
04-12-2024,Soybean,Plant,Baran,Rajasthan,India,4350,4400
04-12-2024,Soybean,Mandi,Baran,Rajasthan,India,4200,4250
04-12-2024,Soybean,Plant,Bhawani/Jhalawar,Rajasthan,India,4300,4350
04-12-2024,Soybean,Mandi,Bhawani/Jhalawar,Rajasthan,India,4100,4250
04-12-2024,Rapeseed/Mustard,Condition,Jaipur,Rajasthan,India,6600,6625
04-12-2024,Rapeseed/Mustard,Condition,Alwar,Rajasthan,India,6200,6250
04-12-2024,Rapeseed/Mustard,Non-Condition,Sri Ganganagar,Rajasthan,India,5550,6000
04-12-2024,Rapeseed/Mustard,Condition,New Delhi,Delhi,India,6350,6400
04-12-2024,Rapeseed/Mustard,Condition,Kota,Rajasthan,India,6250,6300
04-12-2024,Rapeseed/Mustard,Condition,Agra,Uttar Pradesh,India,6714,6762
04-12-2024,Rapeseed/Mustard,Loose,Neewai,Rajasthan,India,6150,6200
04-12-2024,Rapeseed/Mustard,Condition,Hapur (UP),Uttar Pradesh,India,6200,6250
04-12-2024,Groundnut Seed,With Shell,Rajkot,Gujarat,India,4405,6100
04-12-2024,Groundnut Seed,With Shell,Bikaner,Rajasthan,India,4500,5200
04-12-2024,Groundnut,Bold Without Shell 40/50,Bikaner,Rajasthan,India,7000,7500
05-12-2024,Soyabean,Plant,Indore,Madhya Pradesh,India,4275,4350
05-12-2024,Soyabean,Mandi,Indore,Madhya Pradesh,India,4250,4300
05-12-2024,Soyabean,Plant,Nagpur,Maharashtra,India,4350,4400
05-12-2024,Soyabean,Mandi,Nagpur,Maharashtra,India,3900,4040
05-12-2024,Soyabean,Mandi,Latur,Maharashtra,India,4250,4470
05-12-2024,Soyabean,Mandi,Akola,Maharashtra,India,NR,NR
05-12-2024,Soyabean,Plant,Kota,Rajasthan,India,4300,4325
05-12-2024,Soyabean,Mandi,Kota,Rajasthan,India,4200,4250
05-12-2024,Soyabean,Plant,Bundi,Rajasthan,India,4350,4400
05-12-2024,Soyabean,Mandi,Bundi,Rajasthan,India,3900,4200
05-12-2024,Soyabean,Plant,Baran,Rajasthan,India,4350,4400
05-12-2024,Soyabean,Mandi,Baran,Rajasthan,India,4200,4250
05-12-2024,Soyabean,Plant,Bhawani/Jhalawar,Rajasthan,India,4300,4350
05-12-2024,Soyabean,Mandi,Bhawani/Jhalawar,Rajasthan,India,4100,4250
05-12-2024,Rapeseed/Mustard,Condition,Jaipur,Rajasthan,India,6575,6600
05-12-2024,Rapeseed/Mustard,Condition,Alwar,Rajasthan,India,6200,6250
05-12-2024,Rapeseed/Mustard,non-Condition,Sri Ganganagar,Rajasthan,India,5550,5850
05-12-2024,Rapeseed/Mustard,Condition,New Delhi,Delhi,India,6350,6400
05-12-2024,Rapeseed/Mustard,Condition,Kota,Rajasthan,India,6250,6300
05-12-2024,Rapeseed/Mustard,Condition,Agra,Uttar Pradesh,India,6714,6762
05-12-2024,Rapeseed/Mustard,Loose,Neewai,Rajasthan,India,6150,6200
05-12-2024,Rapeseed/Mustard,Condition,Hapur,Uttar Pradesh,India,6175,6225
05-12-2024,Groundnut Seed (with shell),-,Rajkot,Gujarat,India,4425,6050
05-12-2024,Groundnut Seed (with shell),-,Bikaner,Rajasthan,India,4800,5300
05-12-2024,Groundnut (Bold Without shell 40/50),-,Bikaner,Rajasthan,India,7000,7500
06-12-2024,Soybean,Plant,Indore,Madhya Pradesh,India,4250,4325
06-12-2024,Soybean,Mandi,Indore,Madhya Pradesh,India,4175,4240
06-12-2024,Soybean,Plant,Nagpur,Maharashtra,India,4350,4450
06-12-2024,Soybean,Mandi,Nagpur,Maharashtra,India,3975,4100
06-12-2024,Soybean,Mandi,Latur,Maharashtra,India,Closed,Closed
06-12-2024,Soybean,Mandi,Akola,Maharashtra,India,3600,4200
06-12-2024,Soybean,Plant,Kota,Rajasthan,India,4250,4300
06-12-2024,Soybean,Mandi,Kota,Rajasthan,India,4150,4200
06-12-2024,Soybean,Plant,Bundi,Rajasthan,India,4350,4400
06-12-2024,Soybean,Mandi,Bundi,Rajasthan,India,3800,4200
06-12-2024,Soybean,Plant,Baran,Rajasthan,India,4350,4400
06-12-2024,Soybean,Mandi,Baran,Rajasthan,India,4120,4240
06-12-2024,Soybean,Plant,Bhawani/Jhalawar,Rajasthan,India,4300,4350
06-12-2024,Soybean,Mandi,Bhawani/Jhalawar,Rajasthan,India,4100,4230
06-12-2024,Rapeseed/Mustard,Condition,Jaipur,Rajasthan,India,6550,6575
06-12-2024,Rapeseed/Mustard,Condition,Alwar,Rajasthan,India,6150,6200
06-12-2024,Rapeseed/Mustard,Non-Condition,Sri Ganganagar,Rajasthan,India,5450,5820
06-12-2024,Rapeseed/Mustard,Condition,New Delhi,Delhi,India,6320,6370
06-12-2024,Rapeseed/Mustard,Condition,Kota,Rajasthan,India,6200,6250
06-12-2024,Rapeseed/Mustard,Condition,Agra,Uttar Pradesh,India,6714,6762
06-12-2024,Rapeseed/Mustard,Loose,Neewai,Rajasthan,India,6125,6175
06-12-2024,Rapeseed/Mustard,Condition,Hapur,Uttar Pradesh,India,6225,6275
06-12-2024,Groundnut Seed (with shell),-,Rajkot,Gujarat,India,4400,6350
06-12-2024,Groundnut Seed (with shell),-,Bikaner,Rajasthan,India,4800,5300
06-12-2024,Groundnut (Bold Without shell 40/50),-,Bikaner,Rajasthan,India,7000,7500
07-12-2024,Soybean,Plant,Indore,Madhya Pradesh,India,4250,4325
07-12-2024,Soybean,Mandi,Indore,Madhya Pradesh,India,4125,4200
07-12-2024,Soybean,Plant,Nagpur,Maharashtra,India,4300,4400
07-12-2024,Soybean,Mandi,Nagpur,Maharashtra,India,3600,4095
07-12-2024,Soybean,Mandi,Latur,Maharashtra,India,4270,4400
07-12-2024,Soybean,Mandi,Akola,Maharashtra,India,3470,4140
07-12-2024,Soybean,Plant,Kota,Rajasthan,India,4200,4250
07-12-2024,Soybean,Mandi,Kota,Rajasthan,India,4150,4200
07-12-2024,Soybean,Plant,Bundi,Rajasthan,India,4350,4400
07-12-2024,Soybean,Mandi,Bundi,Rajasthan,India,3800,4200
07-12-2024,Soybean,Plant,Baran,Rajasthan,India,4300,4350
07-12-2024,Soybean,Mandi,Baran,Rajasthan,India,4000,4200
07-12-2024,Soybean,Plant,Bhawani/Jhalawar,Rajasthan,India,4300,4350
07-12-2024,Soybean,Mandi,Bhawani/Jhalawar,Rajasthan,India,4100,4230
07-12-2024,Rapeseed/Mustard,Condition,Jaipur,Rajasthan,India,6525,6550
07-12-2024,Rapeseed/Mustard,Condition,Alwar,Rajasthan,India,6150,6200
07-12-2024,Rapeseed/Mustard,Non-Condition,Sri Ganganagar,Rajasthan,India,5500,5700
07-12-2024,Rapeseed/Mustard,Condition,New Delhi,Delhi,India,6300,6350
07-12-2024,Rapeseed/Mustard,Condition,Kota,Rajasthan,India,6200,6250
07-12-2024,Rapeseed/Mustard,Condition,Agra,Uttar Pradesh,India,6714,6762
07-12-2024,Rapeseed/Mustard,Loose,Neewai,Rajasthan,India,6125,6175
07-12-2024,Rapeseed/Mustard,Condition,Hapur,Uttar Pradesh,India,6225,6275
07-12-2024,Groundnut Seed (with shell),-,Rajkot,Gujarat,India,4350,6125
07-12-2024,Groundnut Seed (with shell),-,Bikaner,Rajasthan,India,4800,5300
07-12-2024,Groundnut (Bold Without shell 40/50),-,Bikaner,Rajasthan,India,7000,7500
09-12-2024,Soybean,Plant,Indore,Madhya Pradesh,India,4200,4300
09-12-2024,Soybean,Mandi,Indore,Madhya Pradesh,India,4150,4200
09-12-2024,Soybean,Plant,Nagpur,Maharashtra,India,4300,4400
09-12-2024,Soybean,Mandi,Nagpur,Maharashtra,India,3500,4000
09-12-2024,Soybean,Mandi,Latur,Maharashtra,India,4350,4400
09-12-2024,Soybean,Mandi,Akola,Maharashtra,India,3700,4200
09-12-2024,Soybean,Plant,Kota,Rajasthan,India,4150,4200
09-12-2024,Soybean,Mandi,Kota,Rajasthan,India,4100,4150
09-12-2024,Soybean,Plant,Bundi,Rajasthan,India,4350,4400
09-12-2024,Soybean,Mandi,Bundi,Rajasthan,India,3800,4200
09-12-2024,Soybean,Plant,Baran,Rajasthan,India,4300,4350
09-12-2024,Soybean,Mandi,Baran,Rajasthan,India,4000,4200
09-12-2024,Soybean,Plant,Bhawani/Jhalawar,Rajasthan,India,4250,4300
09-12-2024,Soybean,Mandi,Bhawani/Jhalawar,Rajasthan,India,4100,4200
09-12-2024,Rapeseed,Condition,Jaipur,Rajasthan,India,6550,6575
09-12-2024,Rapeseed,Condition,Alwar,Rajasthan,India,6150,6200
09-12-2024,Rapeseed,Non-Cond,Sri Ganganagar,Rajasthan,India,5400,5800
09-12-2024,Rapeseed,Condition,New Delhi,Delhi,India,6350,6400
09-12-2024,Rapeseed,Condition,Kota,Rajasthan,India,6200,6250
09-12-2024,Rapeseed,Condition,Agra,Uttar Pradesh,India,6738,6786
09-12-2024,Rapeseed,Loose,Neewai,Rajasthan,India,6125,6175
09-12-2024,Rapeseed,Condition,Hapur,Uttar Pradesh,India,6225,6275
09-12-2024,Groundnut,Seed,Rajkot,Gujarat,India,4255,6105
09-12-2024,Groundnut,Seed,Bikaner,Rajasthan,India,4800,5300
09-12-2024,Groundnut,Bold,Bikaner,Rajasthan,India,7000,7500
10-12-2024,Soybean,Plant,Indore,Madhya Pradesh,India,4200,4250
10-12-2024,Soybean,Mandi,Indore,Madhya Pradesh,India,4125,4160
10-12-2024,Soybean,Plant,Nagpur,Maharashtra,India,4225,4325
10-12-2024,Soybean,Mandi,Nagpur,Maharashtra,India,3500,4000
10-12-2024,Soybean,Mandi,Latur,Maharashtra,India,4150,4250
10-12-2024,Soybean,Mandi,Akola,Maharashtra,India,3525,4300
10-12-2024,Soybean,Plant,Kota,Rajasthan,India,4100,4150
10-12-2024,Soybean,Mandi,Kota,Rajasthan,India,4000,4050
10-12-2024,Soybean,Plant,Bundi,Rajasthan,India,4350,4400
10-12-2024,Soybean,Mandi,Bundi,Rajasthan,India,3725,4150
10-12-2024,Soybean,Plant,Baran,Rajasthan,India,4300,4350
10-12-2024,Soybean,Mandi,Baran,Rajasthan,India,4000,4150
10-12-2024,Soybean,Plant,Bhawani/Jhalawar,Rajasthan,India,4250,4300
10-12-2024,Soybean,Mandi,Bhawani/Jhalawar,Rajasthan,India,4050,4150
10-12-2024,Rapeseed,Condition,Jaipur,Rajasthan,India,6550,6575
10-12-2024,Rapeseed,Condition,Alwar,Rajasthan,India,6050,6100
10-12-2024,Rapeseed,Non-Cond,Sri Ganganagar,Rajasthan,India,5650,5745
10-12-2024,Rapeseed,Condition,New Delhi,Delhi,India,6300,6350
10-12-2024,Rapeseed,Condition,Kota,Rajasthan,India,6150,6200
10-12-2024,Rapeseed,Condition,Agra,Uttar Pradesh,India,6738,6786
10-12-2024,Rapeseed,Loose,Neewai,Rajasthan,India,6075,6125
10-12-2024,Rapeseed,Condition,Hapur,Uttar Pradesh,India,6225,6275
10-12-2024,Groundnut,Seed,Rajkot,Gujarat,India,4250,5920
10-12-2024,Groundnut,Seed,Bikaner,Rajasthan,India,4800,5300
10-12-2024,Groundnut,Bold,Bikaner,Rajasthan,India,7000,7500
11-12-2024,Soyabean,Plant,Indore,Madhya Pradesh,India,4175,4275
11-12-2024,Soyabean,Mandi,Indore,Madhya Pradesh,India,4125,4200
11-12-2024,Soyabean,Plant,Nagpur,Maharashtra,India,4200,4350
11-12-2024,Soyabean,Mandi,Nagpur,Maharashtra,India,3450,3950
11-12-2024,Soyabean,Mandi,Latur,Maharashtra,India,4120,4200
11-12-2024,Soyabean,Mandi,Akola,Maharashtra,India,3425,4350
11-12-2024,Soyabean,Plant,Kota,Rajasthan,India,4150,4200
11-12-2024,Soyabean,Mandi,Kota,Rajasthan,India,4050,4100
11-12-2024,Soyabean,Plant,Bundi,Rajasthan,India,4250,4300
11-12-2024,Soyabean,Mandi,Bundi,Rajasthan,India,3800,4100
11-12-2024,Soyabean,Plant,Baran,Rajasthan,India,4300,4350
11-12-2024,Soyabean,Mandi,Baran,Rajasthan,India,4000,4160
11-12-2024,Soyabean,Plant,Bhawani/Jhalawar,Rajasthan,India,4250,4300
11-12-2024,Soyabean,Mandi,Bhawani/Jhalawar,Rajasthan,India,4050,4150
11-12-2024,Rapeseed/Mustard,Condition,Jaipur,Rajasthan,India,6525,6550
11-12-2024,Rapeseed/Mustard,Condition,Alwar,Rajasthan,India,6050,6100
11-12-2024,Rapeseed/Mustard,Non-Condition,Sri Ganganagar,Rajasthan,India,5650,5745
11-12-2024,Rapeseed/Mustard,Condition,New Delhi,Delhi,India,6250,6300
11-12-2024,Rapeseed/Mustard,Condition,Kota,Rajasthan,India,6150,6200
11-12-2024,Rapeseed/Mustard,Condition,Agra,Uttar Pradesh,India,6714,6762
11-12-2024,Rapeseed/Mustard,Loose,Neewai,Rajasthan,India,6050,6100
11-12-2024,Rapeseed/Mustard,Condition,Hapur,Uttar Pradesh,India,6200,6250
11-12-2024,Groundnut Seed,With Shell,Rajkot,Gujarat,India,4250,6325
11-12-2024,Groundnut Seed,With Shell,Bikaner,Rajasthan,India,4800,5300
11-12-2024,Groundnut (Bold),Without Shell 40/50,Bikaner,Rajasthan,India,7200,7700
12-12-2024,Soyabean,Plant,Indore,Madhya Pradesh,India,4175,4250
12-12-2024,Soyabean,Mandi,Indore,Madhya Pradesh,India,4150,4205
12-12-2024,Soyabean,Plant,Nagpur,Maharashtra,India,4250,4350
12-12-2024,Soyabean,Mandi,Nagpur,Maharashtra,India,3600,3975
12-12-2024,Soyabean,Mandi,Latur,Maharashtra,India,4100,4250
12-12-2024,Soyabean,Mandi,Akola,Maharashtra,India,3175,4405
12-12-2024,Soyabean,Plant,Kota,Rajasthan,India,4100,4150
12-12-2024,Soyabean,Mandi,Kota,Rajasthan,India,4050,4100
12-12-2024,Soyabean,Plant,Bundi,Rajasthan,India,4300,4250
12-12-2024,Soyabean,Mandi,Bundi,Rajasthan,India,3800,4050
12-12-2024,Soyabean,Plant,Baran,Rajasthan,India,4300,4350
12-12-2024,Soyabean,Mandi,Baran,Rajasthan,India,4000,4150
12-12-2024,Soyabean,Plant,Bhawani/Jhalawar,Rajasthan,India,4250,4300
12-12-2024,Soyabean,Mandi,Bhawani/Jhalawar,Rajasthan,India,4050,4150
12-12-2024,Rapeseed/Mustard,Condition,Jaipur,Rajasthan,India,6500,6525
12-12-2024,Rapeseed/Mustard,Condition,Alwar,Rajasthan,India,6000,6050
12-12-2024,Rapeseed/Mustard,Non-Condition,Sri Ganganagar,Rajasthan,India,5650,5810
12-12-2024,Rapeseed/Mustard,Condition,New Delhi,Delhi,India,6225,6275
12-12-2024,Rapeseed/Mustard,Condition,Kota,Rajasthan,India,6150,6200
12-12-2024,Rapeseed/Mustard,Condition,Agra,Uttar Pradesh,India,6690,6738
12-12-2024,Rapeseed/Mustard,Loose,Neewai,Rajasthan,India,6050,6100
12-12-2024,Rapeseed/Mustard,Condition,Hapur,Uttar Pradesh,India,6175,6225
12-12-2024,Groundnut,With Shell,Rajkot,Gujarat,India,4250,6175
12-12-2024,Groundnut,With Shell,Bikaner,Rajasthan,India,4800,5300
12-12-2024,Groundnut,Bold Without Shell,Bikaner,Rajasthan,India,7200,7700

